"12/11/2023","-8.45","*","","MERCHANT-ISSUED PAYMENT CARD TARGET DEBIT CRD ACH TRAN 231209 000709331772034 175 TARGET - Sarasota F"
"12/11/2023","-6.40","*","","MERCHANT-ISSUED PAYMENT CARD TARGET DEBIT CRD ACH TRAN 231210 000709331772034 173 TARGET - Sarasota F"
"12/11/2023","-5.12","*","","MERCHANT-ISSUED PAYMENT CARD TARGET DEBIT CRD ACH TRAN 231210 000709331772034 175 TARGET - Sarasota F"
"12/11/2023","-2.18","*","","MERCHANT-ISSUED PAYMENT CARD TARGET DEBIT CRD ACH TRAN 231209 000709331772034 161 TARGET - Sarasota F"
"12/08/2023","-9.99","*","","PURCHASE AUTHORIZED ON 12/06 APPLE.COM/BILL 800-275-2273 CA S583341264978705 CARD 0694"
"12/07/2023","-15.76","*","","MERCHANT-ISSUED PAYMENT CARD TARGET DEBIT CRD ACH TRAN 231206 000709331772034 163 TARGET - Sarasota F"
"12/07/2023","-15.98","*","","PURCHASE AUTHORIZED ON 12/02 APPLE.COM/BILL 866-712-7753 CA S383337264922209 CARD 0694"
"12/06/2023","-6.62","*","","MERCHANT-ISSUED PAYMENT CARD TARGET DEBIT CRD ACH TRAN 231205 000709331772034 175 TARGET - Sarasota F"
"12/06/2023","-16.99","*","","RECURRING PAYMENT AUTHORIZED ON 12/05 Microsoft*Ultimate 425-6816830 WA S463340080911168 CARD 0694"
"12/05/2023","-22.99","*","","PURCHASE AUTHORIZED ON 12/04 Microsoft*Xbox 425-6816830 WA S303339032478193 CARD 0694"
"12/05/2023","500.00","*","","ZELLE FROM DRUMMOND DEAN ON 12/05 REF # PP0RRWMHYD"
"11/28/2023","-13.56","*","","MERCHANT-ISSUED PAYMENT CARD TARGET DEBIT CRD ACH TRAN 231127 000709331772034 175 TARGET - Sarasota F"
"11/28/2023","-2.18","*","","MERCHANT-ISSUED PAYMENT CARD TARGET DEBIT CRD ACH TRAN 231127 000709331772034 175 TARGET - Sarasota F"
"11/27/2023","-12.52","*","","MERCHANT-ISSUED PAYMENT CARD TARGET DEBIT CRD ACH TRAN 231126 000709331772034 171 TARGET - Sarasota F"
"11/27/2023","-2.18","*","","MERCHANT-ISSUED PAYMENT CARD TARGET DEBIT CRD ACH TRAN 231126 000709331772034 171 TARGET - Sarasota F"
"11/21/2023","-8.59","*","","PURCHASE AUTHORIZED ON 11/20 APPLE.COM/BILL 866-712-7753 CA S303324635697924 CARD 0694"
"11/21/2023","-0.99","*","","RECURRING PAYMENT AUTHORIZED ON 11/20 APPLE.COM/BILL 866-712-7753 CA S463324524832870 CARD 0694"
"11/20/2023","-18.30","*","","MERCHANT-ISSUED PAYMENT CARD TARGET DEBIT CRD ACH TRAN 231118 000709331772034 160 TARGET - Sarasota F"
"11/20/2023","-8.45","*","","MERCHANT-ISSUED PAYMENT CARD TARGET DEBIT CRD ACH TRAN 231118 000709331772034 175 TARGET - Sarasota F"
"11/20/2023","-4.34","*","","MERCHANT-ISSUED PAYMENT CARD TARGET DEBIT CRD ACH TRAN 231117 000709331772034 175 TARGET - Sarasota F"
"11/20/2023","-2.18","*","","MERCHANT-ISSUED PAYMENT CARD TARGET DEBIT CRD ACH TRAN 231119 000709331772034 175 TARGET - Sarasota F"
"11/14/2023","-8.99","*","","PURCHASE AUTHORIZED ON 11/13 Microsoft*Xbox 425-6816830 WA S303317516709004 CARD 0694"
"11/14/2023","-9.99","*","","PURCHASE AUTHORIZED ON 11/13 APPLE.COM/BILL 800-275-2273 CA S463317366782534 CARD 0694"
"11/13/2023","-8.45","*","","MERCHANT-ISSUED PAYMENT CARD TARGET DEBIT CRD ACH TRAN 231111 000709331772034 175 TARGET - Sarasota F"
"11/13/2023","-7.85","*","","MERCHANT-ISSUED PAYMENT CARD TARGET DEBIT CRD ACH TRAN 231112 000709331772034 160 TARGET - Sarasota F"
"11/13/2023","-6.62","*","","MERCHANT-ISSUED PAYMENT CARD TARGET DEBIT CRD ACH TRAN 231110 000709331772034 174 TARGET - Sarasota F"
"11/13/2023","-100.00","*","","ZELLE TO MARSHAL ERIK ON 11/13 REF #RP0RQ6G9V4"
"11/13/2023","7.85","*","","ZELLE FROM SHANNON LAUREL WALTER ON 11/12 REF # BBT202712470"
"11/13/2023","25.00","*","","ZELLE FROM SHANNON LAUREL WALTER ON 11/11 REF # BBT202622134"
"11/08/2023","-9.99","*","","PURCHASE AUTHORIZED ON 11/06 APPLE.COM/BILL 866-712-7753 CA S303311229063731 CARD 0694"
"11/08/2023","500.00","*","","ZELLE FROM DRUMMOND DEAN ON 11/08 REF # PP0RPRFNMM"
"11/07/2023","-2.42","*","","MERCHANT-ISSUED PAYMENT CARD TARGET DEBIT CRD ACH TRAN 231106 000709331772034 175 TARGET - Sarasota F"
"11/06/2023","-16.99","*","","RECURRING PAYMENT AUTHORIZED ON 11/05 Microsoft*Ultimate 425-6816830 WA S583310071041753 CARD 0694"
"11/03/2023","-42.33","*","","MERCHANT-ISSUED PAYMENT CARD TARGET DEBIT CRD ACH TRAN 231102 000709331772034 172 TARGET - Sarasota F"
"11/01/2023","-30.28","*","","MERCHANT-ISSUED PAYMENT CARD TARGET DEBIT CRD ACH TRAN 231031 000709331770817 163 TARGET - Bradenton F"
"10/30/2023","-6.62","*","","MERCHANT-ISSUED PAYMENT CARD TARGET DEBIT CRD ACH TRAN 231028 000709331772034 175 TARGET - Sarasota F"
"10/30/2023","-6.40","*","","MERCHANT-ISSUED PAYMENT CARD TARGET DEBIT CRD ACH TRAN 231028 000709331772034 173 TARGET - Sarasota F"
"10/26/2023","-4.49","*","","PURCHASE AUTHORIZED ON 10/25 Microsoft*Xbox 425-6816830 WA S463298607835952 CARD 0694"
"10/26/2023","-144.99","*","","RECURRING PAYMENT AUTHORIZED ON 10/25 APPLE.COM/BILL 866-712-7753 CA S303298453208446 CARD 0694"
"10/26/2023","15.00","*","","ZELLE FROM SHANNON LAUREL WALTER ON 10/26 REF # BBT199922262"
"10/23/2023","-6.62","*","","MERCHANT-ISSUED PAYMENT CARD TARGET DEBIT CRD ACH TRAN 231020 000709331772034 175 TARGET - Sarasota F"
"10/23/2023","-6.48","*","","MERCHANT-ISSUED PAYMENT CARD TARGET DEBIT CRD ACH TRAN 231020 000709331772034 175 TARGET - Sarasota F"
"10/23/2023","-2.18","*","","MERCHANT-ISSUED PAYMENT CARD TARGET DEBIT CRD ACH TRAN 231022 000709331772034 122 TARGET - Sarasota F"
"10/23/2023","-40.00","*","","ZELLE TO WALTER SHANNON ON 10/23 REF #RP0RNJNXPT DRUGS"
"10/23/2023","-0.99","*","","RECURRING PAYMENT AUTHORIZED ON 10/20 APPLE.COM/BILL 866-712-7753 CA S383293488556504 CARD 0694"
"10/23/2023","-62.99","*","","PURCHASE AUTHORIZED ON 10/20 Microsoft*Xbox 425-6816830 WA S303293348051783 CARD 0694"
"10/23/2023","30.00","*","","MOBILE DEPOSIT : REF NUMBER :809220224148"
"10/18/2023","-35.03","*","","MERCHANT-ISSUED PAYMENT CARD TARGET DEBIT CRD ACH TRAN 231017 000709331770817 161 TARGET - Bradenton F"
"10/16/2023","-48.26","*","","MERCHANT-ISSUED PAYMENT CARD TARGET DEBIT CRD ACH TRAN 231013 000709331770656 172 TARGET - Tampa F"
"10/16/2023","-6.62","*","","MERCHANT-ISSUED PAYMENT CARD TARGET DEBIT CRD ACH TRAN 231015 000709331772034 175 TARGET - Sarasota F"
"10/16/2023","-6.62","*","","MERCHANT-ISSUED PAYMENT CARD TARGET DEBIT CRD ACH TRAN 231013 000709331772034 175 TARGET - Sarasota F"
"10/16/2023","-5.12","*","","MERCHANT-ISSUED PAYMENT CARD TARGET DEBIT CRD ACH TRAN 231013 000709331772034 175 TARGET - Sarasota F"
"10/16/2023","-9.54","*","","ZELLE TO WALTER SHANNON ON 10/16 REF #RP0RMZ6NDP"
"10/16/2023","-1.99","*","","PURCHASE AUTHORIZED ON 10/14 APPLE.COM/BILL 866-712-7753 CA S303287458886528 CARD 0694"
"10/12/2023","-101.00","*","","ZELLE TO WALTER SHANNON ON 10/12 REF #RP0RMPLCKF ILY ALSO I SENT MOREE"
"10/12/2023","100.00","*","","ZELLE FROM SHANNON LAUREL WALTER ON 10/12 REF # BBT197830497"
"10/10/2023","-13.98","*","","PURCHASE AUTHORIZED ON 10/09 APPLE.COM/BILL 866-712-7753 CA S583282423623988 CARD 0694"
"10/10/2023","-16.99","*","","RECURRING PAYMENT AUTHORIZED ON 10/06 Microsoft*Ultimate 425-6816830 WA S463279300061877 CARD 0694"
"10/10/2023","500.00","*","","ZELLE FROM DRUMMOND DEAN ON 10/09 REF # PP0RMH7J3S"
"10/06/2023","-69.94","*","","MERCHANT-ISSUED PAYMENT CARD TARGET COMPANY H RETRY PYMT 100623 69 TARGET 0817 TDC/BRADENT BRADENTON F"
"10/05/2023","-26.97","*","","PURCHASE AUTHORIZED ON 10/03 APPLE.COM/BILL 866-712-7753 CA S303276829957815 CARD 0694"
"10/03/2023","80.00","*","","ONLINE TRANSFER FROM DRUMMOND D WAY2SAVE SAVINGS XXXXXX3721 REF #IB0KWMM9KH ON 10/03/23"
"09/27/2023","-29.99","*","","PURCHASE AUTHORIZED ON 09/26 Microsoft*Xbox 425-6816830 WA S463269493389212 CARD 0694"
"09/25/2023","-57.05","*","","MERCHANT-ISSUED PAYMENT CARD TARGET DEBIT CRD ACH TRAN 230923 000709331770799 164 TARGET - Sarasota F"
"09/25/2023","45.00","*","","ZELLE FROM SHANNON LAUREL WALTER ON 09/23 REF # BBT194812437"
"09/21/2023","-0.99","*","","RECURRING PAYMENT AUTHORIZED ON 09/20 APPLE.COM/BILL 866-712-7753 CA S383263488911597 CARD 0694"
"09/19/2023","-19.97","*","","MERCHANT-ISSUED PAYMENT CARD TARGET DEBIT CRD ACH TRAN 230918 000709331770656 173 TARGET - Tampa F"
"09/18/2023","-32.21","*","","MERCHANT-ISSUED PAYMENT CARD TARGET DEBIT CRD ACH TRAN 230916 000709331772034 125 TARGET - Sarasota F"
"09/18/2023","-18.30","*","","MERCHANT-ISSUED PAYMENT CARD TARGET DEBIT CRD ACH TRAN 230916 000709331772034 175 TARGET - Sarasota F"
"09/18/2023","-7.54","*","","MERCHANT-ISSUED PAYMENT CARD TARGET DEBIT CRD ACH TRAN 230917 000709331772034 175 TARGET - Sarasota F"
"09/18/2023","-6.62","*","","MERCHANT-ISSUED PAYMENT CARD TARGET DEBIT CRD ACH TRAN 230916 000709331772034 174 TARGET - Sarasota F"
"09/18/2023","-2.23","*","","MERCHANT-ISSUED PAYMENT CARD TARGET DEBIT CRD ACH TRAN 230916 000709331772034 175 TARGET - Sarasota F"
"09/18/2023","100.00","*","","ONLINE TRANSFER FROM DRUMMOND D WAY2SAVE SAVINGS XXXXXX3721 REF #IB0KR6YTPK ON 09/18/23"
"09/18/2023","20.00","*","","ZELLE FROM SHANNON LAUREL WALTER ON 09/18 REF # BBT194081260"
"09/14/2023","-13.36","*","","PURCHASE AUTHORIZED ON 09/13 CULVERS OF SARASOT SARASOTA FL S303256629957550 CARD 0694"
"09/12/2023","-5.01","*","","MERCHANT-ISSUED PAYMENT CARD TARGET DEBIT CRD ACH TRAN 230911 000709331772034 160 TARGET - Sarasota F"
"09/11/2023","-8.23","*","","MERCHANT-ISSUED PAYMENT CARD TARGET DEBIT CRD ACH TRAN 230908 000709331772034 175 TARGET - Sarasota F"
"09/11/2023","-6.77","*","","MERCHANT-ISSUED PAYMENT CARD TARGET DEBIT CRD ACH TRAN 230909 000709331772034 175 TARGET - Sarasota F"
"09/11/2023","-500.00","*","","ONLINE TRANSFER TO DRUMMOND D WAY2SAVE SAVINGS XXXXXX3721 REF #IB0KNQ73F2 ON 09/09/23"
"09/11/2023","-9.99","*","","RECURRING PAYMENT AUTHORIZED ON 09/09 APPLE.COM/BILL 866-712-7753 CA S383252330325901 CARD 0694"
"09/08/2023","500.00","*","","ZELLE FROM DRUMMOND DEAN ON 09/08 REF # PP0RK2FYTZ"
"09/07/2023","100.00","*","","ONLINE TRANSFER FROM DRUMMOND D WAY2SAVE SAVINGS XXXXXX3721 REF #IB0KN584MF ON 09/07/23"
"09/06/2023","-16.99","*","","RECURRING PAYMENT AUTHORIZED ON 09/05 Microsoft*Ultimate 425-6816830 WA S303249084529730 CARD 0694"
"09/06/2023","-7.49","*","","PURCHASE AUTHORIZED ON 09/05 APPLE.COM/BILL 800-275-2273 CA S383248396193302 CARD 0694"
"09/05/2023","-6.62","*","","MERCHANT-ISSUED PAYMENT CARD TARGET DEBIT CRD ACH TRAN 230903 000709331772034 175 TARGET - Sarasota F"
"09/05/2023","-6.62","*","","MERCHANT-ISSUED PAYMENT CARD TARGET DEBIT CRD ACH TRAN 230903 000709331772034 175 TARGET - Sarasota F"
"09/05/2023","-2.05","*","","MERCHANT-ISSUED PAYMENT CARD TARGET DEBIT CRD ACH TRAN 230902 000709331772034 175 TARGET - Sarasota F"
"09/05/2023","-4.95","*","","MERCHANT-ISSUED PAYMENT CARD TARGET DEBIT CRD ACH TRAN 230901 000709331772034 175 TARGET - Sarasota F"
"09/05/2023","-9.99","*","","RECURRING PAYMENT AUTHORIZED ON 09/02 APPLE.COM/BILL 866-712-7753 CA S303246229136979 CARD 0694"
"08/30/2023","-8.99","*","","PURCHASE AUTHORIZED ON 08/29 Microsoft*Xbox 425-6816830 WA S303241563689798 CARD 0694"
"08/29/2023","70.00","*","","ONLINE TRANSFER FROM DRUMMOND D WAY2SAVE SAVINGS XXXXXX3721 REF #IB0KKBZQMH ON 08/29/23"
"08/28/2023","-13.72","*","","MERCHANT-ISSUED PAYMENT CARD TARGET DEBIT CRD ACH TRAN 230826 000709331772034 175 TARGET - Sarasota F"
"08/28/2023","-7.54","*","","MERCHANT-ISSUED PAYMENT CARD TARGET DEBIT CRD ACH TRAN 230825 000709331772034 175 TARGET - Sarasota F"
"08/28/2023","-6.23","*","","MERCHANT-ISSUED PAYMENT CARD TARGET DEBIT CRD ACH TRAN 230826 000709331772034 175 TARGET - Sarasota F"
"08/22/2023","-4.98","*","","MERCHANT-ISSUED PAYMENT CARD TARGET DEBIT CRD ACH TRAN 230821 000709331772034 175 TARGET - Sarasota F"
"08/21/2023","-34.57","*","","MERCHANT-ISSUED PAYMENT CARD TARGET DEBIT CRD ACH TRAN 230819 000709331770656 081 TARGET - Tampa F"
"08/21/2023","-6.62","*","","MERCHANT-ISSUED PAYMENT CARD TARGET DEBIT CRD ACH TRAN 230819 000709331772034 175 TARGET - Sarasota F"
"08/21/2023","-3.67","*","","MERCHANT-ISSUED PAYMENT CARD TARGET DEBIT CRD ACH TRAN 230819 000709331772034 175 TARGET - Sarasota F"
"08/21/2023","-2.46","*","","MERCHANT-ISSUED PAYMENT CARD TARGET DEBIT CRD ACH TRAN 230819 000709331772034 175 TARGET - Sarasota F"
"08/21/2023","-6.40","*","","MERCHANT-ISSUED PAYMENT CARD TARGET DEBIT CRD ACH TRAN 230818 000709331772034 175 TARGET - Sarasota F"
"08/21/2023","-3.67","*","","MERCHANT-ISSUED PAYMENT CARD TARGET DEBIT CRD ACH TRAN 230818 000709331772034 175 TARGET - Sarasota F"
"08/21/2023","-100.00","*","","PRIZEPICKS PURCHASE 230821 000000001629915 drew drummond"
"08/21/2023","-0.99","*","","RECURRING PAYMENT AUTHORIZED ON 08/20 APPLE.COM/BILL 866-712-7753 CA S463232488527792 CARD 0694"
"08/21/2023","-19.99","*","","PURCHASE AUTHORIZED ON 08/20 APPLE.COM/BILL 866-712-7753 CA S303232488501099 CARD 0694"
"08/21/2023","37.00","*","","ZELLE FROM SHANNON LAUREL WALTER ON 08/19 REF # BBT189586950"
"08/18/2023","-161.22","*","","MERCHANT-ISSUED PAYMENT CARD TARGET COMPANY H RETRY PYMT 081823 161 TARGET 0799 TDC/NORTH S SARASOTA F"
"08/14/2023","-6.62","*","","MERCHANT-ISSUED PAYMENT CARD TARGET DEBIT CRD ACH TRAN 230812 000709331772034 175 TARGET - Sarasota F"
"08/14/2023","-2.44","*","","MERCHANT-ISSUED PAYMENT CARD TARGET DEBIT CRD ACH TRAN 230811 000709331772034 171 TARGET - Sarasota F"
"08/14/2023","215.00","*","","ZELLE FROM DRUMMOND DEAN ON 08/14 REF # PP0RH5FWHT"
"08/11/2023","-89.98","*","","RECURRING PAYMENT AUTHORIZED ON 08/10 APPLE.COM/BILL 866-712-7753 CA S383222357841766 CARD 0694"
"08/09/2023","40.00","*","","ZELLE FROM SHANNON LAUREL WALTER ON 08/09 REF # BBT188162737"
"08/09/2023","120.00","*","","ZELLE FROM SHANNON LAUREL WALTER ON 08/09 REF # BBT188111222"
"08/09/2023","22.83","*","","ZELLE FROM ANISTON ARIAS ON 08/09 REF # BBT188111077"
"08/07/2023","-6.62","*","","MERCHANT-ISSUED PAYMENT CARD TARGET DEBIT CRD ACH TRAN 230805 000709331772034 175 TARGET - Sarasota F"
"08/07/2023","-6.11","*","","MERCHANT-ISSUED PAYMENT CARD TARGET DEBIT CRD ACH TRAN 230804 000709331772034 175 TARGET - Sarasota F"
"08/07/2023","-5.04","*","","MERCHANT-ISSUED PAYMENT CARD TARGET DEBIT CRD ACH TRAN 230804 000709331772034 175 TARGET - Sarasota F"
"08/07/2023","-4.19","*","","MERCHANT-ISSUED PAYMENT CARD TARGET DEBIT CRD ACH TRAN 230805 000709331772034 122 TARGET - Sarasota F"
"08/07/2023","-2.31","*","","MERCHANT-ISSUED PAYMENT CARD TARGET DEBIT CRD ACH TRAN 230805 000709331772034 175 TARGET - Sarasota F"
"08/07/2023","-14.99","*","","RECURRING PAYMENT AUTHORIZED ON 08/06 Microsoft*Ultimate 425-6816830 WA S463218330289110 CARD 0694"
"08/07/2023","-600.00","*","","ONLINE TRANSFER TO DRUMMOND D WAY2SAVE SAVINGS XXXXXX3721 REF #IB0KC8L9HQ ON 08/05/23"
"08/07/2023","500.00","*","","ZELLE FROM DRUMMOND DEAN ON 08/05 REF # PP0RGH785G"
"08/07/2023","30.00","*","","ZELLE FROM DRUMMOND DEAN ON 08/05 REF # PP0RGH6SC9"
"08/04/2023","-9.99","*","","RECURRING PAYMENT AUTHORIZED ON 08/02 APPLE.COM/BILL 866-712-7753 CA S303215230193694 CARD 0694"
"08/03/2023","-19.99","*","","PURCHASE AUTHORIZED ON 08/02 Microsoft*Xbox 425-6816830 WA S463214504419067 CARD 0694"
"08/02/2023","-52.43","*","","MERCHANT-ISSUED PAYMENT CARD TARGET DEBIT CRD ACH TRAN 230801 000709331772034 160 TARGET - Sarasota F"
"08/01/2023","80.00","*","","ZELLE FROM SHANNON LAUREL WALTER ON 08/01 REF # BBT186945540"
"07/31/2023","-6.62","*","","MERCHANT-ISSUED PAYMENT CARD TARGET DEBIT CRD ACH TRAN 230728 000709331772034 175 TARGET - Sarasota F"
"07/31/2023","-5.33","*","","MERCHANT-ISSUED PAYMENT CARD TARGET DEBIT CRD ACH TRAN 230730 000709331772034 160 TARGET - Sarasota F"
"07/31/2023","-4.14","*","","MERCHANT-ISSUED PAYMENT CARD TARGET DEBIT CRD ACH TRAN 230729 000709331772034 175 TARGET - Sarasota F"
"07/31/2023","-3.67","*","","MERCHANT-ISSUED PAYMENT CARD TARGET DEBIT CRD ACH TRAN 230730 000709331772034 175 TARGET - Sarasota F"
"07/31/2023","-2.33","*","","MERCHANT-ISSUED PAYMENT CARD TARGET DEBIT CRD ACH TRAN 230729 000709331772034 175 TARGET - Sarasota F"
"07/31/2023","-47.36","*","","TARGET DEBIT CRD ACH TRAN 230729 000709331773991 092 3821 0728000000TARGET.COM"
"07/25/2023","-19.50","*","","MERCHANT-ISSUED PAYMENT CARD TARGET DEBIT CRD ACH TRAN 230724 000709331772034 160 TARGET - Sarasota F"
"07/24/2023","-6.40","*","","MERCHANT-ISSUED PAYMENT CARD TARGET DEBIT CRD ACH TRAN 230721 000709331772034 175 TARGET - Sarasota F"
"07/24/2023","-4.19","*","","MERCHANT-ISSUED PAYMENT CARD TARGET DEBIT CRD ACH TRAN 230722 000709331772034 124 TARGET - Sarasota F"
"07/24/2023","-1.53","*","","MERCHANT-ISSUED PAYMENT CARD TARGET DEBIT CRD ACH TRAN 230722 000709331772034 125 TARGET - Sarasota F"
"07/21/2023","-0.99","*","","RECURRING PAYMENT AUTHORIZED ON 07/20 APPLE.COM/BILL 866-712-7753 CA S463201488559875 CARD 0694"
"07/17/2023","-9.36","*","","MERCHANT-ISSUED PAYMENT CARD TARGET DEBIT CRD ACH TRAN 230715 000709331772034 175 TARGET - Sarasota F"
"07/17/2023","-8.32","*","","MERCHANT-ISSUED PAYMENT CARD TARGET DEBIT CRD ACH TRAN 230715 000709331772034 175 TARGET - Sarasota F"
"07/17/2023","-6.62","*","","MERCHANT-ISSUED PAYMENT CARD TARGET DEBIT CRD ACH TRAN 230716 000709331772034 175 TARGET - Sarasota F"
"07/17/2023","-4.65","*","","MERCHANT-ISSUED PAYMENT CARD TARGET DEBIT CRD ACH TRAN 230716 000709331772034 173 TARGET - Sarasota F"
"07/17/2023","-2.18","*","","MERCHANT-ISSUED PAYMENT CARD TARGET DEBIT CRD ACH TRAN 230715 000709331772034 124 TARGET - Sarasota F"
"07/14/2023","-38.27","*","","PURCHASE AUTHORIZED ON 07/13 THE ORIGINAL EGG SARASOTA FL S383194590609570 CARD 0694"
"07/13/2023","-32.45","*","","MERCHANT-ISSUED PAYMENT CARD TARGET DEBIT CRD ACH TRAN 230712 000709331770799 164 TARGET - Sarasota F"
"07/12/2023","-63.72","*","","PURCHASE AUTHORIZED ON 07/10 OLIVE GARDEN 0001 SARASOTA FL S383192015605469 CARD 0694"
"07/12/2023","-9.99","*","","RECURRING PAYMENT AUTHORIZED ON 07/10 APPLE.COM/BILL 866-712-7753 CA S303191646189039 CARD 0694"
"07/12/2023","-79.99","*","","PURCHASE AUTHORIZED ON 07/10 APPLE.COM/BILL 866-712-7753 CA S463191645458547 CARD 0694"
"07/11/2023","-80.61","*","","PURCHASE AUTHORIZED ON 07/10 PUBLIX #828 SARASOTA FL S583191624492170 CARD 0694"
"07/11/2023","100.00","*","","ZELLE FROM SHANNON LAUREL WALTER ON 07/11 REF # BBT183257806"
"07/11/2023","35.00","*","","ZELLE FROM SHANNON LAUREL WALTER ON 07/11 REF # BBT183944505"
"07/10/2023","-42.02","*","","MERCHANT-ISSUED PAYMENT CARD TARGET DEBIT CRD ACH TRAN 230707 000709331773269 167 TARGET - Miami Beach F"
"07/10/2023","-9.99","*","","PURCHASE AUTHORIZED ON 07/06 APPLE.COM/BILL 866-712-7753 CA S303188230693275 CARD 0694"
"07/07/2023","-220.70","*","","MERCHANT-ISSUED PAYMENT CARD TARGET DEBIT CRD ACH TRAN 230706 000709331770799 112 TARGET - Sarasota F"
"07/07/2023","-39.42","*","","MERCHANT-ISSUED PAYMENT CARD TARGET DEBIT CRD ACH TRAN 230706 000709331770799 163 TARGET - Sarasota F"
"07/07/2023","-4.19","*","","MERCHANT-ISSUED PAYMENT CARD TARGET DEBIT CRD ACH TRAN 230706 000709331770799 163 TARGET - Sarasota F"
"07/07/2023","-14.99","*","","RECURRING PAYMENT AUTHORIZED ON 07/05 Microsoft*Ultimate 425-6816830 WA S463187224016853 CARD 0694"
"07/06/2023","-300.00","*","","ATM WITHDRAWAL AUTHORIZED ON 07/06 3625 BEE RIDGE RD SARASOTA FL 0004628 ATM ID 0424D CARD 0694"
"07/05/2023","500.00","*","","ZELLE FROM DRUMMOND DEAN ON 07/04 REF # PP0RD459W8"
"07/03/2023","-9.70","*","","MERCHANT-ISSUED PAYMENT CARD TARGET DEBIT CRD ACH TRAN 230702 000709331772034 175 TARGET - Sarasota F"
"07/03/2023","-8.82","*","","MERCHANT-ISSUED PAYMENT CARD TARGET DEBIT CRD ACH TRAN 230701 000709331772034 171 TARGET - Sarasota F"
"07/03/2023","-7.76","*","","MERCHANT-ISSUED PAYMENT CARD TARGET DEBIT CRD ACH TRAN 230630 000709331772034 161 TARGET - Sarasota F"
"07/03/2023","-4.36","*","","MERCHANT-ISSUED PAYMENT CARD TARGET DEBIT CRD ACH TRAN 230630 000709331772034 175 TARGET - Sarasota F"
"07/03/2023","-4.08","*","","MERCHANT-ISSUED PAYMENT CARD TARGET DEBIT CRD ACH TRAN 230702 000709331772034 175 TARGET - Sarasota F"
"07/03/2023","-6.70","*","","PURCHASE AUTHORIZED ON 07/02 TARGET 0002 SARASOTA FL S463183822845714 CARD 0694"
"07/03/2023","50.00","*","","ZELLE FROM SHANNON LAUREL WALTER ON 07/03 REF # BBT182854447"
"07/03/2023","180.00","*","","ZELLE FROM SHANNON LAUREL WALTER ON 07/03 REF # BBT182847012"
"06/29/2023","-16.75","*","","MERCHANT-ISSUED PAYMENT CARD TARGET DEBIT CRD ACH TRAN 230628 000709331772034 163 TARGET - Sarasota F"
"06/26/2023","22.48","*","","TARGET DEBIT CRD ACH TRAN 230623 000709331772034 122 TARGET - Sarasota F"
"06/26/2023","-7.37","*","","MERCHANT-ISSUED PAYMENT CARD TARGET DEBIT CRD ACH TRAN 230625 000709331772034 161 TARGET - Sarasota F"
"06/26/2023","-6.62","*","","MERCHANT-ISSUED PAYMENT CARD TARGET DEBIT CRD ACH TRAN 230625 000709331772034 175 TARGET - Sarasota F"
"06/26/2023","-5.14","*","","MERCHANT-ISSUED PAYMENT CARD TARGET DEBIT CRD ACH TRAN 230623 000709331772034 175 TARGET - Sarasota F"
"06/23/2023","-32.73","*","","MERCHANT-ISSUED PAYMENT CARD TARGET DEBIT CRD ACH TRAN 230622 000709331772034 163 TARGET - Sarasota F"
"06/22/2023","100.00","*","","ZELLE FROM DRUMMOND DEAN ON 06/22 REF # PP0RC7T3JK"
"06/20/2023","-14.52","*","","MERCHANT-ISSUED PAYMENT CARD TARGET DEBIT CRD ACH TRAN 230619 000709331772034 173 TARGET - Sarasota F"
"06/20/2023","-11.20","*","","MERCHANT-ISSUED PAYMENT CARD TARGET DEBIT CRD ACH TRAN 230619 000709331772034 175 TARGET - Sarasota F"
"06/20/2023","-6.40","*","","MERCHANT-ISSUED PAYMENT CARD TARGET DEBIT CRD ACH TRAN 230617 000709331772034 175 TARGET - Sarasota F"
"06/15/2023","-23.28","*","","MERCHANT-ISSUED PAYMENT CARD TARGET DEBIT CRD ACH TRAN 230614 000709331772034 163 TARGET - Sarasota F"
"06/15/2023","-75.00","*","","MONEY TRANSFER AUTHORIZED ON 06/14 CASH APP*DODS 8774174551 CA S303165656996516 CARD 0694"
"06/14/2023","-14.07","*","","MERCHANT-ISSUED PAYMENT CARD TARGET DEBIT CRD ACH TRAN 230613 000709331772034 172 TARGET - Sarasota F"
"06/14/2023","-8.99","*","","PURCHASE AUTHORIZED ON 06/13 Microsoft*Xbox 425-6816830 WA S463164561282955 CARD 0694"
"06/14/2023","10.00","*","","ZELLE FROM SHANNON LAUREL WALTER ON 06/14 REF # BBT180113781"
"06/13/2023","-11.43","*","","MERCHANT-ISSUED PAYMENT CARD TARGET DEBIT CRD ACH TRAN 230612 000709331772034 175 TARGET - Sarasota F"
"06/13/2023","15.00","*","","ZELLE FROM SHANNON LAUREL WALTER ON 06/13 REF # BBT180005379"
"06/12/2023","-13.72","*","","MERCHANT-ISSUED PAYMENT CARD TARGET DEBIT CRD ACH TRAN 230611 000709331772034 161 TARGET - Sarasota F"
"06/12/2023","-6.62","*","","MERCHANT-ISSUED PAYMENT CARD TARGET DEBIT CRD ACH TRAN 230610 000709331772034 161 TARGET - Sarasota F"
"06/08/2023","-19.91","*","","MERCHANT-ISSUED PAYMENT CARD TARGET DEBIT CRD ACH TRAN 230607 000709331770799 161 TARGET - Sarasota F"
"06/07/2023","-14.99","*","","RECURRING PAYMENT AUTHORIZED ON 06/05 Microsoft*Ultimate 425-6816830 WA S383157244238130 CARD 0694"
"06/05/2023","-6.39","*","","MERCHANT-ISSUED PAYMENT CARD TARGET DEBIT CRD ACH TRAN 230603 000709331772034 162 TARGET - Sarasota F"
"06/05/2023","-30.00","*","","ZELLE TO WALTER SHANNON ON 06/05 REF #RP0RB2G7BQ"
"06/05/2023","500.00","*","","ZELLE FROM DRUMMOND DEAN ON 06/04 REF # PP0R9YCBLY"
"06/02/2023","-4.31","*","","MERCHANT-ISSUED PAYMENT CARD TARGET DEBIT CRD ACH TRAN 230602 000709331772034 162 TARGET - Sarasota F"
"05/30/2023","-81.28","*","","MERCHANT-ISSUED PAYMENT CARD TARGET DEBIT CRD ACH TRAN 230528 000709331772034 160 TARGET - Sarasota F"
"05/30/2023","-23.48","*","","MERCHANT-ISSUED PAYMENT CARD TARGET DEBIT CRD ACH TRAN 230528 000709331772034 163 TARGET - Sarasota F"
"05/30/2023","10.00","*","","ZELLE FROM SHANNON LAUREL WALTER ON 05/28 REF # BBT177723817"
"05/26/2023","-94.99","*","","MERCHANT-ISSUED PAYMENT CARD TARGET COMPANY H RETRY PYMT 052623 94 TARGET 0665 TDC/SARASOT SARASOTA F"
"05/26/2023","175.00","*","","ZELLE FROM DRUMMOND DEAN ON 05/26 REF # PP0R99XTR9"
"05/24/2023","-24.44","*","","MERCHANT-ISSUED PAYMENT CARD TARGET DEBIT CRD ACH TRAN 230523 000709331770799 163 TARGET - Sarasota F"
"05/24/2023","-16.81","*","","MERCHANT-ISSUED PAYMENT CARD TARGET DEBIT CRD ACH TRAN 230523 000709331770799 161 TARGET - Sarasota F"
"05/24/2023","-1.83","*","","MERCHANT-ISSUED PAYMENT CARD TARGET DEBIT CRD ACH TRAN 230523 000709331770799 164 TARGET - Sarasota F"
"05/23/2023","20.00","*","","ZELLE FROM SHANNON LAUREL WALTER ON 05/23 REF # BBT177071051"
"05/19/2023","-75.92","*","","MERCHANT-ISSUED PAYMENT CARD TARGET DEBIT CRD ACH TRAN 230518 000709331772034 122 TARGET - Sarasota F"
"05/19/2023","-34.20","*","","MERCHANT-ISSUED PAYMENT CARD TARGET DEBIT CRD ACH TRAN 230518 000709331772034 162 TARGET - Sarasota F"
"05/18/2023","-25.00","*","","DEPOSITED ITEM RETN UNPAID - PAPER 230518"
"05/16/2023","200.00","*","","ONLINE TRANSFER FROM DRUMMOND D WAY2SAVE SAVINGS XXXXXX3721 REF #IB0JKMWPDS ON 05/16/23"
"05/16/2023","25.00","*","","MOBILE DEPOSIT : REF NUMBER :614160201590"
"05/16/2023","25.00","*","","MOBILE DEPOSIT : REF NUMBER :414160200081"
"05/15/2023","-6.40","*","","MERCHANT-ISSUED PAYMENT CARD TARGET DEBIT CRD ACH TRAN 230513 000709331772034 175 TARGET - Sarasota F"
"05/08/2023","-49.54","*","","MERCHANT-ISSUED PAYMENT CARD TARGET DEBIT CRD ACH TRAN 230506 000709331772034 171 TARGET - Sarasota F"
"05/08/2023","-15.34","*","","MERCHANT-ISSUED PAYMENT CARD TARGET DEBIT CRD ACH TRAN 230505 000709331772034 175 TARGET - Sarasota F"
"05/08/2023","-1.36","*","","MERCHANT-ISSUED PAYMENT CARD TARGET DEBIT CRD ACH TRAN 230505 000709331772034 175 TARGET - Sarasota F"
"05/08/2023","-14.99","*","","RECURRING PAYMENT AUTHORIZED ON 05/05 Microsoft*Ultimate 425-6816830 WA S383126086361467 CARD 0694"
"05/04/2023","-500.00","*","","ONLINE TRANSFER TO DRUMMOND D WAY2SAVE SAVINGS XXXXXX3721 REF #IB0JGCNBMH ON 05/04/23"
"05/04/2023","500.00","*","","ZELLE FROM DRUMMOND DEAN ON 05/04 REF # PP0R7PVPCW"
"05/01/2023","-26.25","*","","MERCHANT-ISSUED PAYMENT CARD TARGET DEBIT CRD ACH TRAN 230428 000709331770799 163 TARGET - Sarasota F"
"05/01/2023","-6.40","*","","MERCHANT-ISSUED PAYMENT CARD TARGET DEBIT CRD ACH TRAN 230429 000709331772034 160 TARGET - Sarasota F"
"05/01/2023","-3.67","*","","MERCHANT-ISSUED PAYMENT CARD TARGET DEBIT CRD ACH TRAN 230430 000709331772034 162 TARGET - Sarasota F"
"05/01/2023","-2.74","*","","MERCHANT-ISSUED PAYMENT CARD TARGET DEBIT CRD ACH TRAN 230429 000709331772034 175 TARGET - Sarasota F"
"05/01/2023","-62.99","*","","PURCHASE AUTHORIZED ON 04/28 Microsoft*Xbox 425-6816830 WA S463118517945720 CARD 0694"
"05/01/2023","90.00","*","","ZELLE FROM DRUMMOND DEAN ON 04/30 REF # PP0R7DXTJ7"
"04/27/2023","20.00","*","","ZELLE FROM SHANNON LAUREL WALTER ON 04/27 REF # BBT173462397"
"04/26/2023","-52.91","*","","MERCHANT-ISSUED PAYMENT CARD TARGET DEBIT CRD ACH TRAN 230425 000709331772034 163 TARGET - Sarasota F"
"04/25/2023","-7.69","*","","MERCHANT-ISSUED PAYMENT CARD TARGET DEBIT CRD ACH TRAN 230424 000709331772034 175 TARGET - Sarasota F"
"04/24/2023","-7.26","*","","MERCHANT-ISSUED PAYMENT CARD TARGET DEBIT CRD ACH TRAN 230421 000709331772034 175 TARGET - Sarasota F"
"04/24/2023","-6.40","*","","MERCHANT-ISSUED PAYMENT CARD TARGET DEBIT CRD ACH TRAN 230423 000709331772034 175 TARGET - Sarasota F"
"04/24/2023","-4.27","*","","MERCHANT-ISSUED PAYMENT CARD TARGET DEBIT CRD ACH TRAN 230423 000709331772034 175 TARGET - Sarasota F"
"04/24/2023","-2.28","*","","MERCHANT-ISSUED PAYMENT CARD TARGET DEBIT CRD ACH TRAN 230421 000709331772034 175 TARGET - Sarasota F"
"04/24/2023","25.00","*","","ZELLE FROM SHANNON LAUREL WALTER ON 04/24 REF # BBT173122039"
"04/20/2023","23.00","*","","ZELLE FROM SHANNON LAUREL WALTER ON 04/20 REF # BBT172631170"
"04/18/2023","-40.23","*","","MERCHANT-ISSUED PAYMENT CARD TARGET DEBIT CRD ACH TRAN 230417 000709331772034 122 TARGET - Sarasota F"
"04/17/2023","-9.40","*","","MERCHANT-ISSUED PAYMENT CARD TARGET DEBIT CRD ACH TRAN 230414 000709331772034 175 TARGET - Sarasota F"
"04/17/2023","-3.54","*","","MERCHANT-ISSUED PAYMENT CARD TARGET DEBIT CRD ACH TRAN 230414 000709331772034 175 TARGET - Sarasota F"
"04/17/2023","-2.74","*","","MERCHANT-ISSUED PAYMENT CARD TARGET DEBIT CRD ACH TRAN 230415 000709331772034 175 TARGET - Sarasota F"
"04/17/2023","-2.18","*","","MERCHANT-ISSUED PAYMENT CARD TARGET DEBIT CRD ACH TRAN 230416 000709331772034 175 TARGET - Sarasota F"
"04/17/2023","-2.18","*","","MERCHANT-ISSUED PAYMENT CARD TARGET DEBIT CRD ACH TRAN 230414 000709331772034 163 TARGET - Sarasota F"
"04/14/2023","-115.39","*","","MERCHANT-ISSUED PAYMENT CARD TARGET DEBIT CRD ACH TRAN 230413 000709331772034 160 TARGET - Sarasota F"
"04/13/2023","60.00","*","","ZELLE FROM SHANNON LAUREL WALTER ON 04/13 REF # BBT171680714"
"04/11/2023","-11.32","*","","RECURRING PAYMENT AUTHORIZED ON 04/10 SELECT MEDIA 8449273881 TX S383101046031934 CARD 0694"
"04/10/2023","-9.36","*","","MERCHANT-ISSUED PAYMENT CARD TARGET DEBIT CRD ACH TRAN 230408 000709331772034 175 TARGET - Sarasota F"
"04/10/2023","-6.40","*","","MERCHANT-ISSUED PAYMENT CARD TARGET DEBIT CRD ACH TRAN 230407 000709331772034 163 TARGET - Sarasota F"
"04/10/2023","-3.49","*","","MERCHANT-ISSUED PAYMENT CARD TARGET DEBIT CRD ACH TRAN 230407 000709331772034 175 TARGET - Sarasota F"
"04/07/2023","-239.88","*","","RECURRING PAYMENT AUTHORIZED ON 04/06 CODECADEMY HTTPSWWW.CODE NY S383097038643703 CARD 0694"
"04/06/2023","29.25","*","","TARGET DEBIT CRD ACH TRAN 230405 000709331772034 122 TARGET - Sarasota F"
"04/06/2023","-25.99","*","","MERCHANT-ISSUED PAYMENT CARD TARGET DEBIT CRD ACH TRAN 230405 000709331772034 162 TARGET - Sarasota F"
"04/06/2023","-4.57","*","","MERCHANT-ISSUED PAYMENT CARD TARGET DEBIT CRD ACH TRAN 230405 000709331772034 175 TARGET - Sarasota F"
"04/06/2023","-14.99","*","","RECURRING PAYMENT AUTHORIZED ON 04/05 Microsoft*Subscrip 425-6816830 WA S583096032360601 CARD 0694"
"04/04/2023","-6.62","*","","MERCHANT-ISSUED PAYMENT CARD TARGET DEBIT CRD ACH TRAN 230403 000709331772034 174 TARGET - Sarasota F"
"04/04/2023","500.00","*","","ZELLE FROM DRUMMOND DEAN ON 04/04 REF # PP0R5LTVW4"
"04/03/2023","-6.88","*","","MERCHANT-ISSUED PAYMENT CARD TARGET DEBIT CRD ACH TRAN 230402 000709331772034 171 TARGET - Sarasota F"
"04/03/2023","-6.40","*","","MERCHANT-ISSUED PAYMENT CARD TARGET DEBIT CRD ACH TRAN 230402 000709331772034 175 TARGET - Sarasota F"
"03/28/2023","40.00","*","","ZELLE FROM SHANNON LAUREL WALTER ON 03/28 REF # BBT169603745"
"03/27/2023","-13.72","*","","MERCHANT-ISSUED PAYMENT CARD TARGET DEBIT CRD ACH TRAN 230326 000709331772034 161 TARGET - Sarasota F"
"03/27/2023","-8.54","*","","MERCHANT-ISSUED PAYMENT CARD TARGET DEBIT CRD ACH TRAN 230325 000709331772034 175 TARGET - Sarasota F"
"03/27/2023","-2.18","*","","MERCHANT-ISSUED PAYMENT CARD TARGET DEBIT CRD ACH TRAN 230325 000709331772034 161 TARGET - Sarasota F"
"03/24/2023","-84.80","*","","MERCHANT-ISSUED PAYMENT CARD TARGET DEBIT CRD ACH TRAN 230323 000709331770799 161 TARGET - Sarasota F"
"03/23/2023","25.00","*","","ZELLE FROM SHANNON LAUREL WALTER ON 03/23 REF # BBT168988655"
"03/22/2023","15.00","*","","ZELLE FROM SHANNON LAUREL WALTER ON 03/22 REF # BBT168836510 WORK FOOD"
"03/21/2023","-10.59","*","","MERCHANT-ISSUED PAYMENT CARD TARGET DEBIT CRD ACH TRAN 230320 000709331772034 162 TARGET - Sarasota F"
"03/21/2023","100.00","*","","ONLINE TRANSFER FROM DRUMMOND D WAY2SAVE SAVINGS XXXXXX3721 REF #IB0J28YVDV ON 03/21/23"
"03/20/2023","-59.67","*","","MERCHANT-ISSUED PAYMENT CARD TARGET DEBIT CRD ACH TRAN 230317 000709331772034 160 TARGET - Sarasota F"
"03/20/2023","-13.17","*","","MERCHANT-ISSUED PAYMENT CARD TARGET DEBIT CRD ACH TRAN 230317 000709331772034 122 TARGET - Sarasota F"
"03/20/2023","-2.18","*","","MERCHANT-ISSUED PAYMENT CARD TARGET DEBIT CRD ACH TRAN 230317 000709331772034 161 TARGET - Sarasota F"
"03/13/2023","-13.72","*","","MERCHANT-ISSUED PAYMENT CARD TARGET DEBIT CRD ACH TRAN 230310 000709331772034 161 TARGET - Sarasota F"
"03/13/2023","-7.69","*","","MERCHANT-ISSUED PAYMENT CARD TARGET DEBIT CRD ACH TRAN 230311 000709331772034 174 TARGET - Sarasota F"
"03/13/2023","-3.80","*","","MERCHANT-ISSUED PAYMENT CARD TARGET DEBIT CRD ACH TRAN 230311 000709331772034 160 TARGET - Sarasota F"
"03/13/2023","-3.40","*","","MERCHANT-ISSUED PAYMENT CARD TARGET DEBIT CRD ACH TRAN 230310 000709331772034 175 TARGET - Sarasota F"
"03/13/2023","-1.27","*","","MERCHANT-ISSUED PAYMENT CARD TARGET DEBIT CRD ACH TRAN 230312 000709331772034 122 TARGET - Sarasota F"
"03/13/2023","-11.32","*","","RECURRING PAYMENT AUTHORIZED ON 03/10 SELECT MEDIA 8449273881 TX S583070046186041 CARD 0694"
"03/10/2023","-600.00","*","","ONLINE TRANSFER TO DRUMMOND D WAY2SAVE SAVINGS XXXXXX3721 REF #IB0HXG872W ON 03/10/23"
"03/08/2023","20.00","*","","ZELLE FROM DRUMMOND DEAN ON 03/08 REF # PP0R3QM2HS"
"03/07/2023","-48.00","*","","MERCHANT-ISSUED PAYMENT CARD TARGET DEBIT CRD ACH TRAN 230306 000709331772034 161 TARGET - Sarasota F"
"03/07/2023","-13.72","*","","MERCHANT-ISSUED PAYMENT CARD TARGET DEBIT CRD ACH TRAN 230306 000709331772034 161 TARGET - Sarasota F"
"03/07/2023","-14.99","*","","RECURRING PAYMENT AUTHORIZED ON 03/05 MICROSOFT*SUBSCRIP MSBILL.INFO WA S583065277996228 CARD 0694"
"03/06/2023","-33.83","*","","MERCHANT-ISSUED PAYMENT CARD TARGET DEBIT CRD ACH TRAN 230305 000709331770799 164 TARGET - Sarasota F"
"03/06/2023","-9.79","*","","MERCHANT-ISSUED PAYMENT CARD TARGET DEBIT CRD ACH TRAN 230303 000709331772034 162 TARGET - Sarasota F"
"03/06/2023","-7.77","*","","MERCHANT-ISSUED PAYMENT CARD TARGET DEBIT CRD ACH TRAN 230305 000709331772034 173 TARGET - Sarasota F"
"03/06/2023","-6.92","*","","MERCHANT-ISSUED PAYMENT CARD TARGET DEBIT CRD ACH TRAN 230305 000709331772034 122 TARGET - Sarasota F"
"03/06/2023","34.00","*","","ZELLE FROM SHANNON LAUREL WALTER ON 03/05 REF # BBT166831609"
"03/03/2023","500.00","*","","ZELLE FROM DRUMMOND DEAN ON 03/03 REF # PP0R3DNNFN"
"02/28/2023","15.00","*","","ZELLE FROM SHANNON LAUREL WALTER ON 02/28 REF # BBT166067379"
"02/27/2023","-174.64","*","","MERCHANT-ISSUED PAYMENT CARD TARGET DEBIT CRD ACH TRAN 230224 000709331772034 162 TARGET - Sarasota F"
"02/27/2023","-47.09","*","","MERCHANT-ISSUED PAYMENT CARD TARGET DEBIT CRD ACH TRAN 230224 000709331772034 123 TARGET - Sarasota F"
"02/27/2023","-16.47","*","","MERCHANT-ISSUED PAYMENT CARD TARGET DEBIT CRD ACH TRAN 230226 000709331770665 160 TARGET - Sarasota F"
"02/27/2023","-8.54","*","","MERCHANT-ISSUED PAYMENT CARD TARGET DEBIT CRD ACH TRAN 230224 000709331772034 162 TARGET - Sarasota F"
"02/27/2023","300.00","*","","ONLINE TRANSFER FROM DRUMMOND D WAY2SAVE SAVINGS XXXXXX3721 REF #IB0HT25TMM ON 02/26/23"
"02/27/2023","17.00","*","","ZELLE FROM SHANNON LAUREL WALTER ON 02/26 REF # BBT165829820"
"02/27/2023","6.00","*","","ZELLE FROM SHANNON LAUREL WALTER ON 02/25 REF # BBT165724390"
"02/22/2023","200.00","*","","ONLINE TRANSFER FROM DRUMMOND D WAY2SAVE SAVINGS XXXXXX3721 REF #IB0HRXY2WD ON 02/22/23"
"02/21/2023","-8.54","*","","MERCHANT-ISSUED PAYMENT CARD TARGET DEBIT CRD ACH TRAN 230220 000709331772034 163 TARGET - Sarasota F"
"02/21/2023","-5.88","*","","MERCHANT-ISSUED PAYMENT CARD TARGET DEBIT CRD ACH TRAN 230219 000709331772034 174 TARGET - Sarasota F"
"02/17/2023","-24.49","*","","MERCHANT-ISSUED PAYMENT CARD TARGET DEBIT CRD ACH TRAN 230216 000709331770817 163 TARGET - Bradenton F"
"02/15/2023","-36.13","*","","MERCHANT-ISSUED PAYMENT CARD TARGET DEBIT CRD ACH TRAN 230214 000709331770817 162 TARGET - Bradenton F"
"02/14/2023","-10.00","*","","MERCHANT-ISSUED PAYMENT CARD TARGET DEBIT CRD ACH TRAN 230213 000709331772034 161 TARGET - Sarasota F"
"02/13/2023","-109.85","*","","MERCHANT-ISSUED PAYMENT CARD TARGET DEBIT CRD ACH TRAN 230211 000709331772034 163 TARGET - Sarasota F"
"02/13/2023","-8.97","*","","MERCHANT-ISSUED PAYMENT CARD TARGET DEBIT CRD ACH TRAN 230210 000709331772034 162 TARGET - Sarasota F"
"02/13/2023","-5.71","*","","MERCHANT-ISSUED PAYMENT CARD TARGET DEBIT CRD ACH TRAN 230212 000709331772034 160 TARGET - Sarasota F"
"02/13/2023","-4.12","*","","MERCHANT-ISSUED PAYMENT CARD TARGET DEBIT CRD ACH TRAN 230210 000709331772034 122 TARGET - Sarasota F"
"02/13/2023","-11.32","*","","RECURRING PAYMENT AUTHORIZED ON 02/10 SELECT MEDIA 8449273881 TX S583042046082827 CARD 0694"
"02/07/2023","-14.99","*","","RECURRING PAYMENT AUTHORIZED ON 02/06 Microsoft*Subscrip 425-6816830 WA S303037321457480 CARD 0694"
"02/06/2023","-55.28","*","","MERCHANT-ISSUED PAYMENT CARD TARGET DEBIT CRD ACH TRAN 230204 000709331770799 160 TARGET - Sarasota F"
"02/06/2023","-3.41","*","","MERCHANT-ISSUED PAYMENT CARD TARGET DEBIT CRD ACH TRAN 230203 000709331772034 163 TARGET - Sarasota F"
"02/06/2023","-500.00","*","","ONLINE TRANSFER TO DRUMMOND D WAY2SAVE SAVINGS XXXXXX3721 REF #IB0HMXHQJB ON 02/06/23"
"02/03/2023","500.00","*","","ZELLE FROM DRUMMOND DEAN ON 02/03 REF # PP0QZGKY8W"
"01/25/2023","-26.22","*","","MERCHANT-ISSUED PAYMENT CARD TARGET DEBIT CRD ACH TRAN 230124 000709331772034 162 TARGET - Sarasota F"
"01/25/2023","-15.00","*","","ZELLE TO WALTER SHANNON ON 01/25 REF #RP0QYTN69Q FOR DRUGS"
"01/25/2023","12.48","*","","ZELLE FROM SHANNON LAUREL WALTER ON 01/25 REF # BBT161938591"
"01/24/2023","350.00","*","","ONLINE TRANSFER FROM DRUMMOND D WAY2SAVE SAVINGS XXXXXX3721 REF #IB0HJGB5CZ ON 01/24/23"
"01/23/2023","18.29","*","","TARGET DEBIT CRD ACH TRAN 230120 000709331772034 125 TARGET - Sarasota F"
"01/23/2023","-124.40","*","","MERCHANT-ISSUED PAYMENT CARD TARGET DEBIT CRD ACH TRAN 230121 000709331772034 077 TARGET - Sarasota F"
"01/23/2023","-16.91","*","","MERCHANT-ISSUED PAYMENT CARD TARGET DEBIT CRD ACH TRAN 230120 000709331772034 173 TARGET - Sarasota F"
"01/23/2023","-9.96","*","","MERCHANT-ISSUED PAYMENT CARD TARGET DEBIT CRD ACH TRAN 230121 000709331772034 174 TARGET - Sarasota F"
"01/23/2023","-8.83","*","","MERCHANT-ISSUED PAYMENT CARD TARGET DEBIT CRD ACH TRAN 230120 000709331772034 074 TARGET - Sarasota F"
"01/23/2023","-6.67","*","","MERCHANT-ISSUED PAYMENT CARD TARGET DEBIT CRD ACH TRAN 230120 000709331772034 160 TARGET - Sarasota F"
"01/23/2023","-5.39","*","","MERCHANT-ISSUED PAYMENT CARD TARGET DEBIT CRD ACH TRAN 230120 000709331772034 171 TARGET - Sarasota F"
"01/23/2023","-4.51","*","","MERCHANT-ISSUED PAYMENT CARD TARGET DEBIT CRD ACH TRAN 230121 000709331772034 122 TARGET - Sarasota F"
"01/17/2023","-36.57","*","","MERCHANT-ISSUED PAYMENT CARD TARGET DEBIT CRD ACH TRAN 230114 000709331772034 125 TARGET - Sarasota F"
"01/17/2023","-8.33","*","","MERCHANT-ISSUED PAYMENT CARD TARGET DEBIT CRD ACH TRAN 230114 000709331772034 162 TARGET - Sarasota F"
"01/17/2023","-2.43","*","","MERCHANT-ISSUED PAYMENT CARD TARGET DEBIT CRD ACH TRAN 230115 000709331772034 122 TARGET - Sarasota F"
"01/17/2023","-2.00","*","","PURCHASE AUTHORIZED ON 01/14 7-ELEVEN SARASOTA FL P000000283487745 CARD 0694"
"01/17/2023","-9.74","*","","PURCHASE AUTHORIZED ON 01/13 Microsoft*Xbox 425-6816830 WA S303013548747657 CARD 0694"
"01/17/2023","-13.49","*","","PURCHASE AUTHORIZED ON 01/13 Microsoft*Xbox 425-6816830 WA S383013548575174 CARD 0694"
"01/13/2023","-13.49","*","","PURCHASE AUTHORIZED ON 01/12 Microsoft*Xbox 425-6816830 WA S303012855665751 CARD 0694"
"01/11/2023","-11.32","*","","RECURRING PAYMENT AUTHORIZED ON 01/10 SELECT MEDIA 8449273881 TX S383011046104070 CARD 0694"
"01/09/2023","25.41","*","","TARGET DEBIT CRD ACH TRAN 230107 000709331772034 125 TARGET - Sarasota F"
"01/09/2023","-25.41","*","","MERCHANT-ISSUED PAYMENT CARD TARGET DEBIT CRD ACH TRAN 230107 000709331772034 172 TARGET - Sarasota F"
"01/09/2023","-9.48","*","","MERCHANT-ISSUED PAYMENT CARD TARGET DEBIT CRD ACH TRAN 230108 000709331772034 171 TARGET - Sarasota F"
"01/09/2023","-8.12","*","","MERCHANT-ISSUED PAYMENT CARD TARGET DEBIT CRD ACH TRAN 230107 000709331772034 160 TARGET - Sarasota F"
"01/09/2023","-2.18","*","","MERCHANT-ISSUED PAYMENT CARD TARGET DEBIT CRD ACH TRAN 230107 000709331772034 125 TARGET - Sarasota F"
"01/06/2023","-14.99","*","","RECURRING PAYMENT AUTHORIZED ON 01/05 Microsoft*Subscrip 425-6816830 WA S583006197370156 CARD 0694"
"01/05/2023","-900.00","*","","ONLINE TRANSFER TO DRUMMOND D WAY2SAVE SAVINGS XXXXXX3721 REF #IB0HCWQBF8 ON 01/05/23"
"01/04/2023","-19.99","*","","PURCHASE AUTHORIZED ON 01/03 OCULUS *CW7BQLFSQ2 oculus.com CA S303004098582421 CARD 0694"
"01/03/2023","-12.99","*","","PURCHASE AUTHORIZED ON 12/30 OCULUS *V2XGKL3SQ2 oculus.com CA S462364846414765 CARD 0694"
"01/03/2023","500.00","*","","ZELLE FROM DRUMMOND DEAN ON 01/01 REF # PP0QXCH4JN"
"12/27/2022","30.00","*","","MOBILE DEPOSIT : REF NUMBER :410250433725"
"12/27/2022","150.00","*","","MOBILE DEPOSIT : REF NUMBER :810250426234"
"12/12/2022","-11.32","*","","RECURRING PAYMENT AUTHORIZED ON 12/10 SELECT MEDIA 8449273881 TX S582345046034138 CARD 0694"
"12/08/2022","-9.99","*","","PURCHASE AUTHORIZED ON 12/07 Microsoft*Xbox 425-6816830 WA S462341650074475 CARD 0694"
"12/07/2022","-19.00","*","","PURCHASE AUTHORIZED ON 12/06 UNIVERSITY AUTO SP SARASOTA FL S302340681904718 CARD 0694"
"12/06/2022","-14.99","*","","RECURRING PAYMENT AUTHORIZED ON 12/05 Microsoft*Subscrip 425-6816830 WA S582340030546466 CARD 0694"
"12/05/2022","230.00","*","","ZELLE FROM DRUMMOND DEAN ON 12/03 REF # PP0QVHCLJR"
"11/30/2022","-13.00","*","","PURCHASE AUTHORIZED ON 11/28 CHICK-FIL-A #01609 SARASOTA FL S382332616683163 CARD 0694"
"11/29/2022","-3.46","*","","PURCHASE AUTHORIZED ON 11/27 TARGET 0002 SARASOTA FL S582332092001428 CARD 0694"
"11/28/2022","-3.00","*","","PURCHASE AUTHORIZED ON 11/27 CMSVEND*CV TAMPA TAMPA FL S302332000331723 CARD 0694"
"11/28/2022","-2.49","*","","PURCHASE AUTHORIZED ON 11/27 RACETRAC2328 SARASOTA FL P582331577511152 CARD 0694"
"11/25/2022","-24.11","*","","PURCHASE AUTHORIZED ON 11/22 CHICK-FIL-A #01609 SARASOTA FL S462326761103638 CARD 0694"
"11/25/2022","300.00","*","","ONLINE TRANSFER FROM DRUMMOND D WAY2SAVE SAVINGS XXXXXX3721 REF #IB0GZC4DZ8 ON 11/25/22"
"11/23/2022","-15.70","*","","PURCHASE AUTHORIZED ON 11/22 CARIBOU # EINSTEIN SARASOTA FL S582326587934000 CARD 0694"
"11/21/2022","-25.56","*","","PURCHASE AUTHORIZED ON 11/20 DD/BR #350919 Q35 SARASOTA FL S462324637709776 CARD 0694"
"11/16/2022","-99.99","*","","PURCHASE AUTHORIZED ON 11/15 MICROSOFT*XBOX MSBILL.INFO WA S582320107689918 CARD 0694"
"11/14/2022","-7.63","*","","PURCHASE AUTHORIZED ON 11/13 TARGET 0002 SARASOTA FL S462317842559336 CARD 0694"
"11/14/2022","-11.63","*","","PURCHASE AUTHORIZED ON 11/12 WAWA 5304 SARASOTA FL S382317210083690 CARD 0694"
"11/14/2022","-6.61","*","","PURCHASE AUTHORIZED ON 11/12 TARGET 0002 SARASOTA FL S302316844421473 CARD 0694"
"11/14/2022","-13.91","*","","PURCHASE AUTHORIZED ON 11/11 TARGET 0002 SARASOTA FL S582316080481842 CARD 0694"
"11/14/2022","-11.32","*","","PURCHASE AUTHORIZED ON 11/10 SELECT MEDIA 8449273881 TX S302315046072231 CARD 0694"
"11/14/2022","-10.00","*","","PURCHASE AUTHORIZED ON 11/10 SELECT MEDIA 8449273881 TX S462315040252122 CARD 0694"
"11/14/2022","-5.29","*","","PURCHASE AUTHORIZED ON 11/10 SONIC DRIVE IN #66 SARASOTA FL S582314692987533 CARD 0694"
"11/14/2022","250.00","*","","ONLINE TRANSFER FROM DRUMMOND D WAY2SAVE SAVINGS XXXXXX3721 REF #IB0GWNDST3 ON 11/14/22"
"11/10/2022","-45.01","*","","PURCHASE AUTHORIZED ON 11/08 BUFFALO WILD WINGS UNIVERSITY PK FL S462313014860182 CARD 0694"
"11/08/2022","-5.71","*","","PURCHASE AUTHORIZED ON 11/07 DUNKIN #352532 SARASOTA FL S382311653475430 CARD 0694"
"11/07/2022","-14.99","*","","RECURRING PAYMENT AUTHORIZED ON 11/06 Microsoft*Subscrip 425-6816830 WA S382310276594203 CARD 0694"
"11/07/2022","-3.60","*","","PURCHASE AUTHORIZED ON 11/03 PARLEVEL TEXAS 210 HUNT VALLEY MD S462308138774251 CARD 0694"
"11/02/2022","-6.92","*","","PURCHASE AUTHORIZED ON 11/01 MCDONALD'S F4142 SARASOTA FL S382306050191331 CARD 0694"
"11/02/2022","-16.59","*","","PURCHASE AUTHORIZED ON 11/01 SUB ZERO NITROGEN SARASOTA FL S462305824399370 CARD 0694"
"11/01/2022","-35.84","*","","PURCHASE AUTHORIZED ON 10/30 SIAM GULF SARASOTA FL S382304017424906 CARD 0694"
"10/31/2022","-24.86","*","","PURCHASE AUTHORIZED ON 10/29 CHICK-FIL-A #04073 SARASOTA FL S382303025869746 CARD 0694"
"10/31/2022","200.00","*","","ONLINE TRANSFER FROM DRUMMOND D WAY2SAVE SAVINGS XXXXXX3721 REF #IB0GRJYCDW ON 10/29/22"
"10/27/2022","-23.20","*","","PURCHASE AUTHORIZED ON 10/25 CHICK-FIL-A #04073 SARASOTA FL S382299000713400 CARD 0694"
"10/21/2022","30.00","*","","MOBILE DEPOSIT : REF NUMBER :416210738148"
"10/20/2022","-28.43","*","","PURCHASE AUTHORIZED ON 10/18 SIAM GULF SARASOTA FL S382291824650646 CARD 0694"
"10/19/2022","-16.69","*","","PURCHASE AUTHORIZED ON 10/17 CHICK-FIL-A #04073 SARASOTA FL S302290477891595 CARD 0694"
"10/18/2022","-8.99","*","","PURCHASE AUTHORIZED ON 10/17 Microsoft*Xbox 425-6816830 WA S462291019971152 CARD 0694"
"10/12/2022","-8.99","*","","PURCHASE AUTHORIZED ON 10/11 Microsoft*Xbox 425-6816830 WA S462285096754578 CARD 0694"
"10/11/2022","-26.74","*","","PURCHASE AUTHORIZED ON 10/10 TARGET 0002 SARASOTA FL S462283743596654 CARD 0694"
"10/11/2022","-16.46","*","","PURCHASE AUTHORIZED ON 10/06 MICHELANGELO UNIVE SARASOTA FL S462279742709600 CARD 0694"
"10/06/2022","-14.99","*","","RECURRING PAYMENT AUTHORIZED ON 10/05 Microsoft*Ultimate 425-6816830 WA S302279137227859 CARD 0694"
"10/03/2022","-74.74","*","","PURCHASE AUTHORIZED ON 10/02 PUBLIX #828 SARASOTA FL S582275852222244 CARD 0694"
"10/03/2022","-27.81","*","","PURCHASE AUTHORIZED ON 10/02 TARGET 0002 SARASOTA FL S462275776171987 CARD 0694"
"10/03/2022","200.00","*","","ONLINE TRANSFER FROM DRUMMOND D WAY2SAVE SAVINGS XXXXXX3721 REF #IB0GJW7GQ7 ON 10/02/22"
"09/27/2022","-8.99","*","","PURCHASE AUTHORIZED ON 09/26 Microsoft*Xbox 425-6816830 WA S382269630783068 CARD 0694"
"09/26/2022","-8.01","*","","PURCHASE AUTHORIZED ON 09/24 YOGURTOLOGY - SARA 941-9558320 FL S582268051333551 CARD 0694"
"09/26/2022","-18.12","*","","PURCHASE AUTHORIZED ON 09/23 CVS/PHARMACY #0793 BRADENTON FL S382267036422122 CARD 0694"
"09/22/2022","-12.70","*","","PURCHASE AUTHORIZED ON 09/21 MCDONALD'S F10687 SARASOTA FL S302265075843704 CARD 0694"
"09/22/2022","-1.60","*","","PURCHASE AUTHORIZED ON 09/21 CMSVEND*GLOBAL VEN LK WORTH BCH FL S462265018132259 CARD 0694"
"09/22/2022","-8.99","*","","PURCHASE AUTHORIZED ON 09/21 Microsoft*Xbox 425-6816830 WA S382264686346620 CARD 0694"
"09/21/2022","-15.45","*","","PURCHASE AUTHORIZED ON 09/19 BLAZE PIZZA SARASO SARASOTA FL S462262817316435 CARD 0694"
"09/20/2022","-8.99","*","","PURCHASE AUTHORIZED ON 09/19 Microsoft*Xbox 425-6816830 WA S462262554247703 CARD 0694"
"09/19/2022","10.25","*","","MONEY TRANSFER AUTHORIZED ON 09/19 FROM Square Cash FL S462262562865582 CARD 0694"
"09/19/2022","19.65","*","","MONEY TRANSFER AUTHORIZED ON 09/17 FROM Square Cash FL S302260529442447 CARD 0694"
"09/15/2022","-1.85","*","","PURCHASE AUTHORIZED ON 09/14 CMSVEND*GLOBAL VEN LK WORTH BCH FL S462258000408427 CARD 0694"
"09/14/2022","-10.00","*","","PURCHASE AUTHORIZED ON 09/13 DD/BR #350919 Q35 SARASOTA FL S582256506085618 CARD 0694"
"09/14/2022","6.75","*","","MONEY TRANSFER AUTHORIZED ON 09/14 FROM Square Cash FL S302257634599638 CARD 0694"
"09/13/2022","-4.49","*","","PURCHASE AUTHORIZED ON 09/12 Microsoft*Xbox 425-6816830 WA S462256006982009 CARD 0694"
"09/13/2022","-8.99","*","","PURCHASE AUTHORIZED ON 09/12 Microsoft*Xbox 425-6816830 WA S462256005869480 CARD 0694"
"09/12/2022","-44.99","*","","PURCHASE AUTHORIZED ON 09/10 Microsoft*Xbox 425-6816830 WA S582253614608948 CARD 0694"
"09/06/2022","-14.99","*","","RECURRING PAYMENT AUTHORIZED ON 09/05 Microsoft*Ultimate 425-6816830 WA S582249087229859 CARD 0694"
"09/06/2022","-11.50","*","","PURCHASE AUTHORIZED ON 09/05 CASH APP*DYLAN THA 8774174551 CA S582249003755108 CARD 0694"
"09/06/2022","-5.49","*","","PURCHASE AUTHORIZED ON 09/05 CIRCLE K 05311 5041 OC SARASOTA FL P000000783291008 CARD 0694"
"09/06/2022","-29.69","*","","PURCHASE AUTHORIZED ON 09/05 SUNOCO 02118859 SARASOTA FL P000000481648449 CARD 0694"
"08/30/2022","-25.00","*","","PURCHASE AUTHORIZED ON 08/28 YAHOO FANTASY SPOR 408-349-3300 CA S582241073047947 CARD 0694"
"08/29/2022","300.00","*","","ONLINE TRANSFER FROM DRUMMOND D WAY2SAVE SAVINGS XXXXXX3721 REF #IB0G84N4ZN ON 08/29/22"
"08/23/2022","-62.99","*","","PURCHASE AUTHORIZED ON 08/22 Microsoft*Xbox 425-6816830 WA S382235095601669 CARD 0694"
"08/12/2022","-65.99","*","","PURCHASE AUTHORIZED ON 08/12 SUNOCO 02118859 SARASOTA FL P000000984225061 CARD 0694"
"08/12/2022","-170.00","*","","ZELLE TO BEAN GREEN ON 08/11 REF #PP0QMBVL38 BIG BAG OF WEENIES. BIG BLACK WIENER BELTS"
"08/10/2022","-35.81","*","","PURCHASE AUTHORIZED ON 08/08 FRESH KITCHEN SAR UNIVERSITY PK FL S462220770590681 CARD 0694"
"08/09/2022","-16.07","*","","PURCHASE AUTHORIZED ON 08/08 CRUMBL 180-14101313 UT S462221004623975 CARD 0694"
"08/08/2022","-14.99","*","","RECURRING PAYMENT AUTHORIZED ON 08/05 Microsoft*Ultimate 425-6816830 WA S382218121405910 CARD 0694"
"08/08/2022","300.00","*","","ONLINE TRANSFER FROM DRUMMOND D WAY2SAVE SAVINGS XXXXXX3721 REF #IB0G36LKCJ ON 08/08/22"
"08/08/2022","51.72","*","","MOBILE DEPOSIT : REF NUMBER :204060204116"
"08/05/2022","-8.34","*","","PURCHASE AUTHORIZED ON 08/04 MCDONALD'S F5983 SARASOTA FL S302217061269764 CARD 0694"
"07/25/2022","-17.30","*","","PURCHASE AUTHORIZED ON 07/22 WENDY'S # 8852 UNIVERSITY PA FL S302203637725187 CARD 0694"
"07/15/2022","-25.98","*","","PURCHASE AUTHORIZED ON 07/15 SUNOCO 02118859 SARASOTA FL P000000771026492 CARD 0694"
"07/14/2022","-24.79","*","","PURCHASE AUTHORIZED ON 07/13 MCDONALD'S F33325 SARASOTA FL S302194845635829 CARD 0694"
"07/14/2022","-8.01","*","","PURCHASE AUTHORIZED ON 07/12 TACO BELL #24560 SARASOTA FL S302194166411450 CARD 0694"
"07/14/2022","-8.44","*","","PURCHASE AUTHORIZED ON 07/12 TACO BELL #24560 SARASOTA FL S382194166261713 CARD 0694"
"07/14/2022","-21.84","*","","PURCHASE AUTHORIZED ON 07/12 REGAL CINEMAS MOBI KNOXVILLE TN S462194067502038 CARD 0694"
"07/13/2022","-8.88","*","","PURCHASE AUTHORIZED ON 07/13 PETCO 2710 SARASOTA FL P382194840947161 CARD 0694"
"07/13/2022","-1.06","*","","PURCHASE AUTHORIZED ON 07/11 CHICK-FIL-A #04072 SARASOTA FL S462193024492903 CARD 0694"
"07/11/2022","-57.84","*","","PURCHASE AUTHORIZED ON 07/08 TST* MI PUEBLO - B SARASOTA FL S582189818765117 CARD 0694"
"07/07/2022","-23.94","*","","PURCHASE AUTHORIZED ON 07/05 WENDY'S 13205 HAHIRA GA S462186610748957 CARD 0694"
"07/07/2022","-39.02","*","","PURCHASE AUTHORIZED ON 07/05 BUC-EE'S #51 FORT VALLEY GA S582186539059472 CARD 0694"
"07/07/2022","-9.61","*","","PURCHASE AUTHORIZED ON 07/05 STARBUCKS STORE 56 SENECA SC S382186432789718 CARD 0694"
"07/07/2022","300.00","*","","ONLINE TRANSFER FROM DRUMMOND D WAY2SAVE SAVINGS XXXXXX3721 REF #IB0FS8PCMX ON 07/07/22"
"07/06/2022","-14.99","*","","RECURRING PAYMENT AUTHORIZED ON 07/05 Microsoft*Ultimate 425-6816830 WA S462187054609702 CARD 0694"
"07/05/2022","-50.02","*","","PURCHASE AUTHORIZED ON 07/05 7-ELEVEN Tampa FL P000000734727103 CARD 0694"
"07/05/2022","-4.08","*","","PURCHASE AUTHORIZED ON 06/30 QT 785 BUFORD GA S302182087083975 CARD 0694"
"07/05/2022","-48.89","*","","PURCHASE AUTHORIZED ON 06/30 QT 785 BUFORD GA S462182084427381 CARD 0694"
"07/05/2022","-9.17","*","","PURCHASE AUTHORIZED ON 06/30 TACO BELL #032029 CORDELE GA S462181850878719 CARD 0694"
"07/01/2022","-10.27","*","","PURCHASE AUTHORIZED ON 06/30 SMOOTHIE KING - 11 SARASOTA FL S302181547875498 CARD 0694"
"06/30/2022","-21.06","*","","PURCHASE AUTHORIZED ON 06/30 ZEN AMERICA CITG HIGH SPRINGS FL P582181770107560 CARD 0694"
"06/30/2022","-8.35","*","","PURCHASE AUTHORIZED ON 06/30 RACETRAC2503 TEMPLE TERRAC FL P582181700679987 CARD 0694"
"06/30/2022","200.00","*","","ONLINE TRANSFER FROM DRUMMOND D WAY2SAVE SAVINGS XXXXXX3721 REF #IB0FQDMNJN ON 06/30/22"
"06/29/2022","-15.89","*","","PURCHASE AUTHORIZED ON 06/27 FUZZYS TACO SHOP - SARASOTA FL S462178742748492 CARD 0694"
"06/28/2022","-7.25","*","","PURCHASE AUTHORIZED ON 06/27 DD/BR #350919 Q35 SARASOTA FL S462178617156490 CARD 0694"
"06/27/2022","-22.74","*","","PURCHASE AUTHORIZED ON 06/25 TST* Oak & Stone - University Pa FL S462177141268466 CARD 0694"
"06/27/2022","-89.88","*","","PURCHASE AUTHORIZED ON 06/25 SQ *ESCAPE REALITY gosq.com FL S382176811239278 CARD 0694"
"06/27/2022","-45.97","*","","PURCHASE AUTHORIZED ON 06/24 204 AMF 8003425263 SARASOTA FL S462176036543951 CARD 0694"
"06/21/2022","-35.98","*","","PURCHASE AUTHORIZED ON 06/20 SUNOCO 02118859 SARASOTA FL P000000882068072 CARD 0694"
"06/21/2022","-12.31","*","","PURCHASE AUTHORIZED ON 06/20 MI PUEBLO SARASOTA FL S462171628168600 CARD 0694"
"06/21/2022","-7.23","*","","PURCHASE AUTHORIZED ON 06/17 MI PUEBLO SARASOTA FL S462168784425841 CARD 0694"
"06/21/2022","-13.75","*","","PURCHASE AUTHORIZED ON 06/17 STARBUCKS STORE 10 SARASOTA FL S462168575967089 CARD 0694"
